brand,model,form_factor,has_microphone,is_wireless,type,color,price_usd,min_freq,max_freq,color_yellow,color_gray,color_orange,color_purple,color_beige,color_blue,color_pink,color_gold,color_amber,color_green,color_silver,color_gunmetal,color_black,color_red,color_white,color_brown,color_camo,color_copper,color_multicolor,brand_grouped,brand_encoded,price_cat
ADATA,EMIX H30 SE,0,1,0,0,Black / Red,88.98,20.0,20000.0,0,0,0,0,0,0,0,0,0,0,0,0,1,1,0,0,0,0,0,Other,17,1
ADATA,SOLOX F30+EMIX H30,0,1,0,0,Black / Red,59.0,20.0,20000.0,0,0,0,0,0,0,0,0,0,0,0,0,1,1,0,0,0,0,0,Other,17,1
ADATA,XPG Precog,1,1,0,0,Black / Red,99.99,5.0,50000.0,0,0,0,0,0,0,0,0,0,0,0,0,1,1,0,0,0,0,0,Other,17,1
AKG,K240 MKII,0,0,0,2,Black,119.95,15.0,25000.0,0,0,0,0,0,0,0,0,0,0,0,0,1,0,0,0,0,0,0,AKG,0,1
AKG,K271 MK II,0,0,0,0,Black / Silver,166.89,16.0,28000.0,0,0,0,0,0,0,0,0,0,0,1,0,1,0,0,0,0,0,0,AKG,0,1
AKG,K271MKII,0,0,0,0,Black / Silver,166.89,16.0,28000.0,0,0,0,0,0,0,0,0,0,0,1,0,1,0,0,0,0,0,0,AKG,0,1
AKG,K371-BT,0,1,1,0,Beige,178.8,5.0,40000.0,0,0,0,0,1,0,0,0,0,0,0,0,0,0,0,0,0,0,0,AKG,0,1
AKG,K490 NC,0,0,0,0,Black / Silver,244.45,20.0,20000.0,0,0,0,0,0,0,0,0,0,0,1,0,1,0,0,0,0,0,0,AKG,0,2
AKG,K518LERED,0,0,0,0,Black / Red,49.99,16.0,24000.0,0,0,0,0,0,0,0,0,0,0,0,0,1,1,0,0,0,0,0,AKG,0,1
AKG,K551SLV,0,1,0,0,Black / Silver,314.0,12.0,28000.0,0,0,0,0,0,0,0,0,0,0,1,0,1,0,0,0,0,0,0,AKG,0,2
AKG,K551WHT,0,1,0,0,White,209.99,12.0,28000.0,0,0,0,0,0,0,0,0,0,0,0,0,0,0,1,0,0,0,0,AKG,0,2
AKG,K553 PRO,0,0,0,0,Black,139.0,20.0,20000.0,0,0,0,0,0,0,0,0,0,0,0,0,1,0,0,0,0,0,0,AKG,0,1
AKG,K619BLK,0,1,0,0,Black,99.95,16.0,24000.0,0,0,0,0,0,0,0,0,0,0,0,0,1,0,0,0,0,0,0,AKG,0,1
AKG,K619BLU,0,1,0,0,Black / Blue,100.0,16.0,24000.0,0,0,0,0,0,1,0,0,0,0,0,0,1,0,0,0,0,0,0,AKG,0,1
AKG,K619RED,0,1,0,0,Black / Red,100.0,16.0,24000.0,0,0,0,0,0,0,0,0,0,0,0,0,1,1,0,0,0,0,0,AKG,0,1
AKG,K701,0,0,0,1,White,223.99,10.0,39800.0,0,0,0,0,0,0,0,0,0,0,0,0,0,0,1,0,0,0,0,AKG,0,2
AKG,K702,0,0,0,1,Black / Silver,289.0,10.0,39800.0,0,0,0,0,0,0,0,0,0,0,1,0,1,0,0,0,0,0,0,AKG,0,2
ARCTIC,P301,0,1,0,0,Black / Silver,34.95,12.0,24000.0,0,0,0,0,0,0,0,0,0,0,1,0,1,0,0,0,0,0,0,Other,17,0
Acer,Predator Galea 300,0,1,0,0,Black,44.98,20.0,20000.0,0,0,0,0,0,0,0,0,0,0,0,0,1,0,0,0,0,0,0,Other,17,0
Acer,Predator Galea 311,0,1,0,0,Black,79.99,20.0,20000.0,0,0,0,0,0,0,0,0,0,0,0,0,1,0,0,0,0,0,0,Other,17,1
Acer,Predator Galea 350,0,1,0,0,Black,82.49,20.0,20000.0,0,0,0,0,0,0,0,0,0,0,0,0,1,0,0,0,0,0,0,Other,17,1
Acer,Predator Galea 500,0,1,0,0,Black,199.99,20.0,20000.0,0,0,0,0,0,0,0,0,0,0,0,0,1,0,0,0,0,0,0,Other,17,2
Adesso,Xtream G1,0,1,0,0,Black / Blue,40.05,20.0,20000.0,0,0,0,0,0,1,0,0,0,0,0,0,1,0,0,0,0,0,0,Adesso,1,0
Adesso,Xtream G2,0,1,0,0,Black / Silver,44.73,20.0,20000.0,0,0,0,0,0,0,0,0,0,0,1,0,1,0,0,0,0,0,0,Adesso,1,0
Adesso,Xtream G3,0,1,0,0,Black / Blue,46.68,15.0,20000.0,0,0,0,0,0,1,0,0,0,0,0,0,1,0,0,0,0,0,0,Adesso,1,1
Adesso,Xtream G4,0,1,0,0,Black / Silver,47.49,20.0,2000.0,0,0,0,0,0,0,0,0,0,0,1,0,1,0,0,0,0,0,0,Adesso,1,1
Adesso,Xtream H4,1,1,0,0,Black,12.23,20.0,20000.0,0,0,0,0,0,0,0,0,0,0,0,0,1,0,0,0,0,0,0,Adesso,1,0
Adesso,Xtream H5,0,1,0,0,Black,18.05,20.0,20000.0,0,0,0,0,0,0,0,0,0,0,0,0,1,0,0,0,0,0,0,Adesso,1,0
Astro,A30,1,1,0,0,Black / Red,189.0,15.0,28000.0,0,0,0,0,0,0,0,0,0,0,0,0,1,1,0,0,0,0,0,Astro,2,2
Astro,A38,1,1,1,0,White,22.49,15.0,20000.0,0,0,0,0,0,0,0,0,0,0,0,0,0,0,1,0,0,0,0,Astro,2,0
Astro,A38,1,1,1,0,Black / Blue,42.99,15.0,20000.0,0,0,0,0,0,1,0,0,0,0,0,0,1,0,0,0,0,0,0,Astro,2,0
Astro,A40,0,1,0,0,Black,325.0,15.0,20000.0,0,0,0,0,0,0,0,0,0,0,0,0,1,0,0,0,0,0,0,Astro,2,2
Astro,A40 + MIXAMP Pro,0,1,0,0,Black,245.0,20.0,20000.0,0,0,0,0,0,0,0,0,0,0,0,0,1,0,0,0,0,0,0,Astro,2,2
Astro,Gaming A10,0,1,0,0,Black / Green,49.0,20.0,20000.0,0,0,0,0,0,0,0,0,0,1,0,0,1,0,0,0,0,0,0,Astro,2,1
Astro,Gaming A10,0,1,0,0,Black / Red,59.99,20.0,20000.0,0,0,0,0,0,0,0,0,0,0,0,0,1,1,0,0,0,0,0,Astro,2,1
Astro,Gaming A10,0,1,0,0,Black / Blue,49.0,20.0,20000.0,0,0,0,0,0,1,0,0,0,0,0,0,1,0,0,0,0,0,0,Astro,2,1
Astro,Gaming A20 Call of Duty,0,1,1,0,Silver / Black,139.99,20.0,20000.0,0,0,0,0,0,0,0,0,0,0,1,0,1,0,0,0,0,0,0,Astro,2,1
Astro,Gaming A40 TR + MixAmp Pro TR,0,1,0,0,White / Gray,249.99,20.0,24000.0,0,1,0,0,0,0,0,0,0,0,0,0,0,0,1,0,0,0,0,Astro,2,2
Astro,Gaming A40 TR + MixAmp Pro TR,0,1,0,0,White / Gray,249.99,20.0,20000.0,0,1,0,0,0,0,0,0,0,0,0,0,0,0,1,0,0,0,0,Astro,2,2
Astro,Gaming A40 TR + MixAmp Pro TR,0,1,0,0,Black / Gold,245.0,20.0,20000.0,0,0,0,0,0,0,0,1,0,0,0,0,1,0,0,0,0,0,0,Astro,2,2
Astro,Gaming A50 + Base Station,0,1,1,0,Green / Black,239.99,20.0,20000.0,0,0,0,0,0,0,0,0,0,1,0,0,1,0,0,0,0,0,0,Astro,2,2
Asus,Orion,0,1,0,0,Black / Red,79.99,20.0,20000.0,0,0,0,0,0,0,0,0,0,0,0,0,1,1,0,0,0,0,0,Asus,3,1
Asus,ROG Delta,0,1,0,0,Black / Silver,141.99,20.0,40000.0,0,0,0,0,0,0,0,0,0,0,1,0,1,0,0,0,0,0,0,Asus,3,1
Asus,ROG Delta Core,0,1,0,0,Black,83.49,20.0,40000.0,0,0,0,0,0,0,0,0,0,0,0,0,1,0,0,0,0,0,0,Asus,3,1
Asus,ROG Delta White Edition,0,1,0,0,White,149.99,20.0,40000.0,0,0,0,0,0,0,0,0,0,0,0,0,0,0,1,0,0,0,0,Asus,3,1
Asus,ROG STRIX FUSION 700,0,1,1,0,Black,229.94,20.0,40000.0,0,0,0,0,0,0,0,0,0,0,0,0,1,0,0,0,0,0,0,Asus,3,2
Asus,ROG Strix Fusion Wireless,0,1,1,0,Black,192.99,20.0,20000.0,0,0,0,0,0,0,0,0,0,0,0,0,1,0,0,0,0,0,0,Asus,3,2
Asus,ROG Theta 7.1,0,1,0,0,Black,299.99,20.0,40000.0,0,0,0,0,0,0,0,0,0,0,0,0,1,0,0,0,0,0,0,Asus,3,2
Asus,STRIX PRO,0,1,0,0,Black / Orange,109.0,20.0,20000.0,0,0,1,0,0,0,0,0,0,0,0,0,1,0,0,0,0,0,0,Asus,3,1
Asus,TUF Gaming H3,0,1,0,0,Black,39.99,20.0,20000.0,0,0,0,0,0,0,0,0,0,0,0,0,1,0,0,0,0,0,0,Asus,3,0
Asus,TUF Gaming H5,0,1,0,0,Black / Gold,176.84,20.0,20000.0,0,0,0,0,0,0,0,1,0,0,0,0,1,0,0,0,0,0,0,Asus,3,1
Audio-Technica,ATH-AD500X,0,0,0,1,Black,89.99,5.0,25000.0,0,0,0,0,0,0,0,0,0,0,0,0,1,0,0,0,0,0,0,Audio-Technica,4,1
Audio-Technica,ATH-AD700X,0,0,0,1,Black,119.99,5.0,30000.0,0,0,0,0,0,0,0,0,0,0,0,0,1,0,0,0,0,0,0,Audio-Technica,4,1
Audio-Technica,ATH-AD900x,0,0,0,1,Black,133.99,5.0,35000.0,0,0,0,0,0,0,0,0,0,0,0,0,1,0,0,0,0,0,0,Audio-Technica,4,1
Audio-Technica,ATH-ANC27X,0,0,0,0,Black,79.95,20.0,20000.0,0,0,0,0,0,0,0,0,0,0,0,0,1,0,0,0,0,0,0,Audio-Technica,4,1
Audio-Technica,ATH-ANC9,0,0,0,0,Black,199.0,10.0,25000.0,0,0,0,0,0,0,0,0,0,0,0,0,1,0,0,0,0,0,0,Audio-Technica,4,2
Audio-Technica,ATH-D40fs,0,0,0,0,Black,154.59,20.0,28000.0,0,0,0,0,0,0,0,0,0,0,0,0,1,0,0,0,0,0,0,Audio-Technica,4,1
Audio-Technica,ATH-G1WL,0,1,1,0,Black,249.0,5.0,40000.0,0,0,0,0,0,0,0,0,0,0,0,0,1,0,0,0,0,0,0,Audio-Technica,4,2
Audio-Technica,ATH-M30x,0,0,0,0,Black / Silver,69.0,15.0,22000.0,0,0,0,0,0,0,0,0,0,0,1,0,1,0,0,0,0,0,0,Audio-Technica,4,1
Audio-Technica,ATH-M40x,0,0,0,0,Black / Silver,99.0,15.0,24000.0,0,0,0,0,0,0,0,0,0,0,1,0,1,0,0,0,0,0,0,Audio-Technica,4,1
Audio-Technica,ATH-M50x,0,0,0,0,Black / Silver,149.0,15.0,28000.0,0,0,0,0,0,0,0,0,0,0,1,0,1,0,0,0,0,0,0,Audio-Technica,4,1
Audio-Technica,ATH-M50xBT,0,1,1,0,Black / Silver,179.0,15.0,28000.0,0,0,0,0,0,0,0,0,0,0,1,0,1,0,0,0,0,0,0,Audio-Technica,4,2
Audio-Technica,ATH-M50xWH,0,0,0,0,White,169.0,15.0,28000.0,0,0,0,0,0,0,0,0,0,0,0,0,0,0,1,0,0,0,0,Audio-Technica,4,1
Audio-Technica,ATH-MSR7BK,0,1,0,0,Black / Silver,249.95,5.0,40000.0,0,0,0,0,0,0,0,0,0,0,1,0,1,0,0,0,0,0,0,Audio-Technica,4,2
Audio-Technica,ATH-MSR7GM,0,1,0,0,Brown,249.95,5.0,40000.0,0,0,0,0,0,0,0,0,0,0,0,0,0,0,0,1,0,0,0,Audio-Technica,4,2
Audio-Technica,ATH-P1,1,0,0,2,Black,19.95,30.0,20000.0,0,0,0,0,0,0,0,0,0,0,0,0,1,0,0,0,0,0,0,Audio-Technica,4,0
Audio-Technica,ATH-PDG1,0,1,0,1,Black / Red,88.56,20.0,20000.0,0,0,0,0,0,0,0,0,0,0,0,0,1,1,0,0,0,0,0,Audio-Technica,4,1
Audio-Technica,ATH-PG1,0,1,0,0,Black / Gold,76.18,20.0,20000.0,0,0,0,0,0,0,0,1,0,0,0,0,1,0,0,0,0,0,0,Audio-Technica,4,1
Audio-Technica,ATH-PRO500MK2BK,0,0,0,0,Black,274.99,10.0,30000.0,0,0,0,0,0,0,0,0,0,0,0,0,1,0,0,0,0,0,0,Audio-Technica,4,2
Audio-Technica,ATH-PRO700MK2,0,0,0,0,Black,328.99,5.0,35000.0,0,0,0,0,0,0,0,0,0,0,0,0,1,0,0,0,0,0,0,Audio-Technica,4,2
Audio-Technica,ATH-RE70BK,1,0,0,2,Black / Silver,79.98,10.0,24000.0,0,0,0,0,0,0,0,0,0,0,1,0,1,0,0,0,0,0,0,Audio-Technica,4,1
Audio-Technica,ATH-SR30BTGY,0,1,1,0,White / Silver,69.0,5.0,35000.0,0,0,0,0,0,0,0,0,0,0,1,0,0,0,1,0,0,0,0,Audio-Technica,4,1
Audio-Technica,ATH-SR50BTBK,0,1,1,0,Black,119.0,5.0,40000.0,0,0,0,0,0,0,0,0,0,0,0,0,1,0,0,0,0,0,0,Audio-Technica,4,1
Audio-Technica,ATH-SR50BTBW,0,1,1,0,White / Silver,119.0,5.0,40000.0,0,0,0,0,0,0,0,0,0,0,1,0,0,0,1,0,0,0,0,Audio-Technica,4,1
Audio-Technica,ATH-WS55BK,0,0,0,0,Black,49.99,10.0,24000.0,0,0,0,0,0,0,0,0,0,0,0,0,1,0,0,0,0,0,0,Audio-Technica,4,1
Audiovox,WHP141B,0,0,1,0,Black,56.99,30.0,12500.0,0,0,0,0,0,0,0,0,0,0,0,0,1,0,0,0,0,0,0,Other,17,1
Avantree,Audition,0,0,1,0,Black / Red,49.99,20.0,20000.0,0,0,0,0,0,0,0,0,0,0,0,0,1,1,0,0,0,0,0,Other,17,1
Avantree,BTHS-AS9P-BLK,0,1,1,0,Black / Brown,69.98,20.0,20000.0,0,0,0,0,0,0,0,0,0,0,0,0,1,0,0,1,0,0,0,Other,17,1
Avermedia,SonicWave 7.1 GH337,0,1,0,0,Black / Red,79.98,20.0,20000.0,0,0,0,0,0,0,0,0,0,0,0,0,1,1,0,0,0,0,0,Other,17,1
Beyerdynamic,DT 770 PRO,0,0,0,0,Gray,159.0,5.0,35000.0,0,1,0,0,0,0,0,0,0,0,0,0,0,0,0,0,0,0,0,Beyerdynamic,5,1
Beyerdynamic,DT 880 Premium 250 Ohm,0,0,0,2,Black / White,197.0,5.0,35000.0,0,0,0,0,0,0,0,0,0,0,0,0,1,0,1,0,0,0,0,Beyerdynamic,5,2
Beyerdynamic,DT 880 Premium 600 Ohm,0,0,0,2,Black / Silver,199.0,5.0,35000.0,0,0,0,0,0,0,0,0,0,0,1,0,1,0,0,0,0,0,0,Beyerdynamic,5,2
Beyerdynamic,DT 880 Pro,0,0,0,2,Gray,199.0,5.0,35000.0,0,1,0,0,0,0,0,0,0,0,0,0,0,0,0,0,0,0,0,Beyerdynamic,5,2
Beyerdynamic,DT 990,0,0,0,2,Black / Silver,159.0,5.0,35000.0,0,0,0,0,0,0,0,0,0,0,1,0,1,0,0,0,0,0,0,Beyerdynamic,5,1
Beyerdynamic,DT 990,0,0,0,1,Black / Silver,188.0,5.0,35000.0,0,0,0,0,0,0,0,0,0,0,1,0,1,0,0,0,0,0,0,Beyerdynamic,5,2
Beyerdynamic,DT990 Premium 32,0,0,0,1,Black / Silver,199.0,5.0,35000.0,0,0,0,0,0,0,0,0,0,0,1,0,1,0,0,0,0,0,0,Beyerdynamic,5,2
Beyerdynamic,DT990 Premium Limited-Edition,0,0,0,1,Black,199.0,5.0,35000.0,0,0,0,0,0,0,0,0,0,0,0,0,1,0,0,0,0,0,0,Beyerdynamic,5,2
Beyerdynamic,DTX 910,0,0,0,1,Silver,149.99,15.0,23000.0,0,0,0,0,0,0,0,0,0,0,1,0,0,0,0,0,0,0,0,Beyerdynamic,5,1
Beyerdynamic,MMX 300 (2nd Generation),0,1,0,0,Black,279.0,5.0,35000.0,0,0,0,0,0,0,0,0,0,0,0,0,1,0,0,0,0,0,0,Beyerdynamic,5,2
BitFenix,Flo,0,1,0,0,Black / White,38.39,20.0,20000.0,0,0,0,0,0,0,0,0,0,0,0,0,1,0,1,0,0,0,0,Other,17,0
BitFenix,Flo,0,1,0,0,Black / Silver,39.76,20.0,20000.0,0,0,0,0,0,0,0,0,0,0,1,0,1,0,0,0,0,0,0,Other,17,0
Cooler Master,Ceres -400,0,1,0,0,Black / Red,29.99,20.0,20000.0,0,0,0,0,0,0,0,0,0,0,0,0,1,1,0,0,0,0,0,Cooler Master,6,0
Cooler Master,MH630,0,1,0,0,Black,59.99,15.0,25000.0,0,0,0,0,0,0,0,0,0,0,0,0,1,0,0,0,0,0,0,Cooler Master,6,1
Cooler Master,MH650,0,1,0,0,Black,66.98,20.0,20000.0,0,0,0,0,0,0,0,0,0,0,0,0,1,0,0,0,0,0,0,Cooler Master,6,1
Cooler Master,MH670,0,1,1,0,Black,103.99,15.0,25000.0,0,0,0,0,0,0,0,0,0,0,0,0,1,0,0,0,0,0,0,Cooler Master,6,1
Cooler Master,MH751,0,1,0,0,Black / Silver,80.0,20.0,20000.0,0,0,0,0,0,0,0,0,0,0,1,0,1,0,0,0,0,0,0,Cooler Master,6,1
Cooler Master,MH752,0,1,0,0,Black / Silver,85.99,20.0,20000.0,0,0,0,0,0,0,0,0,0,0,1,0,1,0,0,0,0,0,0,Cooler Master,6,1
Corsair,HS35,0,1,0,0,Black,39.99,20.0,20000.0,0,0,0,0,0,0,0,0,0,0,0,0,1,0,0,0,0,0,0,Corsair,7,0
Corsair,HS45 SURROUND,0,1,0,0,Black,39.99,20.0,20000.0,0,0,0,0,0,0,0,0,0,0,0,0,1,0,0,0,0,0,0,Corsair,7,0
Corsair,HS50 PRO STEREO,0,1,0,0,Black,40.93,20.0,20000.0,0,0,0,0,0,0,0,0,0,0,0,0,1,0,0,0,0,0,0,Corsair,7,0
Corsair,HS60,0,1,0,0,Black / White,69.98,20.0,20000.0,0,0,0,0,0,0,0,0,0,0,0,0,1,0,1,0,0,0,0,Corsair,7,1
Corsair,HS60 HAPTIC,0,1,0,0,Black / Gray,129.99,20.0,20000.0,0,1,0,0,0,0,0,0,0,0,0,0,1,0,0,0,0,0,0,Corsair,7,1
Corsair,HS60 PRO SURROUND,0,1,0,0,Black,49.99,20.0,20000.0,0,0,0,0,0,0,0,0,0,0,0,0,1,0,0,0,0,0,0,Corsair,7,1
Corsair,HS60 PRO SURROUND,0,1,0,0,Black / Yellow,62.35,20.0,20000.0,1,0,0,0,0,0,0,0,0,0,0,0,1,0,0,0,0,0,0,Corsair,7,1
Corsair,HS60 Surround (Black),0,1,0,0,Black,69.95,20.0,20000.0,0,0,0,0,0,0,0,0,0,0,0,0,1,0,0,0,0,0,0,Corsair,7,1
Corsair,HS70 Bluetooth,0,1,1,0,Black,79.98,20.0,20000.0,0,0,0,0,0,0,0,0,0,0,0,0,1,0,0,0,0,0,0,Corsair,7,1
Corsair,HS70 PRO,0,1,1,0,Black / Beige,99.99,20.0,20000.0,0,0,0,0,1,0,0,0,0,0,0,0,1,0,0,0,0,0,0,Corsair,7,1
Corsair,VOID ELITE SURROUND,0,1,0,0,Black,79.99,20.0,30000.0,0,0,0,0,0,0,0,0,0,0,0,0,1,0,0,0,0,0,0,Corsair,7,1
Corsair,VOID ELITE SURROUND,0,1,0,0,Black / Red,79.98,20.0,30000.0,0,0,0,0,0,0,0,0,0,0,0,0,1,1,0,0,0,0,0,Corsair,7,1
Corsair,VOID PRO RGB USB (Black),0,1,0,0,Black,110.0,20.0,20000.0,0,0,0,0,0,0,0,0,0,0,0,0,1,0,0,0,0,0,0,Corsair,7,1
Corsair,VOID PRO Surround (Black),0,1,0,0,Black,174.65,20.0,20000.0,0,0,0,0,0,0,0,0,0,0,0,0,1,0,0,0,0,0,0,Corsair,7,1
Corsair,VOID RGB ELITE,0,1,1,0,White,99.99,20.0,30000.0,0,0,0,0,0,0,0,0,0,0,0,0,0,0,1,0,0,0,0,Corsair,7,1
Corsair,VOID RGB ELITE,0,1,1,0,Black,97.99,20.0,30000.0,0,0,0,0,0,0,0,0,0,0,0,0,1,0,0,0,0,0,0,Corsair,7,1
Corsair,VOID RGB ELITE,0,1,0,0,Black,59.99,20.0,20000.0,0,0,0,0,0,0,0,0,0,0,0,0,1,0,0,0,0,0,0,Corsair,7,1
Corsair,Vengeance 2000,0,1,1,0,Black / Blue,336.59,20.0,20000.0,0,0,0,0,0,1,0,0,0,0,0,0,1,0,0,0,0,0,0,Corsair,7,2
Corsair,Virtuoso RGB,0,1,1,0,White,179.99,20.0,40000.0,0,0,0,0,0,0,0,0,0,0,0,0,0,0,1,0,0,0,0,Corsair,7,2
Corsair,Virtuoso RGB,0,1,1,0,Black,179.99,20.0,40000.0,0,0,0,0,0,0,0,0,0,0,0,0,1,0,0,0,0,0,0,Corsair,7,2
Corsair,Virtuoso RGB SE,0,1,1,0,Black,209.99,20.0,40000.0,0,0,0,0,0,0,0,0,0,0,0,0,1,0,0,0,0,0,0,Corsair,7,2
Cougar,PHONTUM ESSENTIAL,0,1,0,0,Black,39.99,20.0,20000.0,0,0,0,0,0,0,0,0,0,0,0,0,1,0,0,0,0,0,0,Other,17,0
Creative Labs,51MZ0210AA007,1,0,0,0,Black / Silver,25.0,20.0,20000.0,0,0,0,0,0,0,0,0,0,0,1,0,1,0,0,0,0,0,0,Creative Labs,8,0
Creative Labs,70GH030000000,1,0,1,0,Black,99.0,20.0,20000.0,0,0,0,0,0,0,0,0,0,0,0,0,1,0,0,0,0,0,0,Creative Labs,8,1
Creative Labs,Aurvana Live!,0,0,0,0,Black,166.59,10.0,30000.0,0,0,0,0,0,0,0,0,0,0,0,0,1,0,0,0,0,0,0,Creative Labs,8,1
Creative Labs,ChatMax HS-620,0,1,0,0,Black / Silver,26.55,20.0,20000.0,0,0,0,0,0,0,0,0,0,0,1,0,1,0,0,0,0,0,0,Creative Labs,8,0
Creative Labs,ChatMax HS-720,0,1,0,0,Black / Silver,100.59,20.0,20000.0,0,0,0,0,0,0,0,0,0,0,1,0,1,0,0,0,0,0,0,Creative Labs,8,1
Creative Labs,Creative Fatal1ty,0,1,0,0,Black / Red,158.87,20.0,20000.0,0,0,0,0,0,0,0,0,0,0,0,0,1,1,0,0,0,0,0,Creative Labs,8,1
Creative Labs,DRACO HS880,0,1,0,0,Black / Red,50.99,20.0,20000.0,0,0,0,0,0,0,0,0,0,0,0,0,1,1,0,0,0,0,0,Creative Labs,8,1
Creative Labs,HQ-1600,0,0,0,0,Black / Beige,92.59,20.0,20000.0,0,0,0,0,1,0,0,0,0,0,0,0,1,0,0,0,0,0,0,Creative Labs,8,1
Creative Labs,Hs-430,1,1,0,0,Black / Red,71.59,20.0,20000.0,0,0,0,0,0,0,0,0,0,0,0,0,1,1,0,0,0,0,0,Creative Labs,8,1
Creative Labs,Tactic3D Rage,0,1,0,0,Black / Red,199.59,20.0,20000.0,0,0,0,0,0,0,0,0,0,0,0,0,1,1,0,0,0,0,0,Creative Labs,8,2
Creative Labs,Tactic3D Rage Wireless,0,1,1,0,Black / Red,224.93,20.0,20000.0,0,0,0,0,0,0,0,0,0,0,0,0,1,1,0,0,0,0,0,Creative Labs,8,2
Cyber Acoustics,AC-100B,1,1,0,0,Black,5.99,20.0,20000.0,0,0,0,0,0,0,0,0,0,0,0,0,1,0,0,0,0,0,0,Cyber Acoustics,9,0
Cyber Acoustics,AC-201,1,1,0,0,Black / Silver,15.99,20.0,20000.0,0,0,0,0,0,0,0,0,0,0,1,0,1,0,0,0,0,0,0,Cyber Acoustics,9,0
Cyber Acoustics,AC-202B,1,1,0,0,Black / Silver,11.99,20.0,20000.0,0,0,0,0,0,0,0,0,0,0,1,0,1,0,0,0,0,0,0,Cyber Acoustics,9,0
Cyber Acoustics,AC-740,1,1,0,0,Black / Silver,37.99,20.0,20000.0,0,0,0,0,0,0,0,0,0,0,1,0,1,0,0,0,0,0,0,Cyber Acoustics,9,0
Cyber Acoustics,AC-8001,0,1,0,0,Black / Silver,22.97,20.0,20000.0,0,0,0,0,0,0,0,0,0,0,1,0,1,0,0,0,0,0,0,Cyber Acoustics,9,0
Cyber Acoustics,AC-840,1,1,0,0,Black / Silver,23.19,20.0,20000.0,0,0,0,0,0,0,0,0,0,0,1,0,1,0,0,0,0,0,0,Cyber Acoustics,9,0
Cyber Acoustics,AC-960,0,1,0,0,Black,33.99,20.0,20000.0,0,0,0,0,0,0,0,0,0,0,0,0,1,0,0,0,0,0,0,Cyber Acoustics,9,0
Cyber Acoustics,AC851B,0,1,0,0,Black / Silver,29.06,20.0,20000.0,0,0,0,0,0,0,0,0,0,0,1,0,1,0,0,0,0,0,0,Cyber Acoustics,9,0
Cyber Acoustics,ACM-62B,1,0,0,0,Black,19.44,20.0,18000.0,0,0,0,0,0,0,0,0,0,0,0,0,1,0,0,0,0,0,0,Cyber Acoustics,9,0
Cyber Acoustics,ACM-7002,0,1,0,0,Black / Silver,20.98,20.0,20000.0,0,0,0,0,0,0,0,0,0,0,1,0,1,0,0,0,0,0,0,Cyber Acoustics,9,0
Cyber Acoustics,ACM-70B,1,0,0,0,Black,8.19,20.0,20000.0,0,0,0,0,0,0,0,0,0,0,0,0,1,0,0,0,0,0,0,Cyber Acoustics,9,0
Cyber Acoustics,ACM-940,0,0,0,0,Black,73.59,20.0,20000.0,0,0,0,0,0,0,0,0,0,0,0,0,1,0,0,0,0,0,0,Cyber Acoustics,9,1
DROP,DROP + HIFIMAN HE-35X,0,0,0,1,Black,130.0,20.0,20000.0,0,0,0,0,0,0,0,0,0,0,0,0,1,0,0,0,0,0,0,Other,17,1
DROP,DROP + KOSS GMR-54X-ISO,0,1,0,0,Black,65.0,15.0,22000.0,0,0,0,0,0,0,0,0,0,0,0,0,1,0,0,0,0,0,0,Other,17,1
Denon,AH-D 340,1,0,0,0,Black / Silver,134.5,7.0,37000.0,0,0,0,0,0,0,0,0,0,0,1,0,1,0,0,0,0,0,0,Other,17,1
Ergoguys,2800-BL,1,0,0,0,Black / Blue,16.99,20.0,19000.0,0,0,0,0,0,1,0,0,0,0,0,0,1,0,0,0,0,0,0,Ergoguys,10,0
Ergoguys,2800-RD,1,0,0,0,Black / Red,18.09,20.0,20000.0,0,0,0,0,0,0,0,0,0,0,0,0,1,1,0,0,0,0,0,Ergoguys,10,0
Ergoguys,2924AVPS,0,0,0,0,Black / White,19.19,40.0,18000.0,0,0,0,0,0,0,0,0,0,0,0,0,1,0,1,0,0,0,0,Ergoguys,10,0
Ergoguys,3064AV-USB,1,1,0,0,Black / Silver,21.95,20.0,20000.0,0,0,0,0,0,0,0,0,0,0,1,0,1,0,0,0,0,0,0,Ergoguys,10,0
Ergoguys,HPK-1550,0,0,0,0,Black / Silver,32.21,20.0,20000.0,0,0,0,0,0,0,0,0,0,0,1,0,1,0,0,0,0,0,0,Ergoguys,10,0
FNATIC,REACT,0,0,0,0,Black / Silver,61.98,20.0,40000.0,0,0,0,0,0,0,0,0,0,0,1,0,1,0,0,0,0,0,0,Other,17,1
G.Skill,RIPJAWS SV710,0,1,0,0,Black,19.98,20.0,20000.0,0,0,0,0,0,0,0,0,0,0,0,0,1,0,0,0,0,0,0,Other,17,0
Genius,Lychas HS G550,0,1,0,0,Black,98.88,20.0,20000.0,0,0,0,0,0,0,0,0,0,0,0,0,1,0,0,0,0,0,0,Other,17,1
Genius,Mordax HS G600,0,1,0,0,Black / Green,125.59,20.0,20000.0,0,0,0,0,0,0,0,0,0,1,0,0,1,0,0,0,0,0,0,Other,17,1
Gigabyte,GP-FLY,1,0,0,0,Black / Silver,18.52,15.0,20000.0,0,0,0,0,0,0,0,0,0,0,1,0,1,0,0,0,0,0,0,Other,17,0
HP,OMEN 800,0,1,0,1,Black / Red,37.96,20.0,20000.0,0,0,0,0,0,0,0,0,0,0,0,0,1,1,0,0,0,0,0,Other,17,0
Harman Kardon,HARKARNC,0,0,0,0,Black / Silver,229.99,16.0,20000.0,0,0,0,0,0,0,0,0,0,0,1,0,1,0,0,0,0,0,0,Harman Kardon,11,2
Harman Kardon,J55BLK,1,0,0,0,Black / Silver,89.99,10.0,24000.0,0,0,0,0,0,0,0,0,0,0,1,0,1,0,0,0,0,0,0,Harman Kardon,11,1
Harman Kardon,J55IWOR,1,0,0,0,Orange / White,99.95,10.0,24000.0,0,0,1,0,0,0,0,0,0,0,0,0,0,0,1,0,0,0,0,Harman Kardon,11,1
Harman Kardon,J88IBLK,0,1,0,0,Black / Silver,94.99,8.0,24000.0,0,0,0,0,0,0,0,0,0,0,1,0,1,0,0,0,0,0,0,Harman Kardon,11,1
Harman Kardon,J88IWHT,0,1,0,0,White,129.99,8.0,24000.0,0,0,0,0,0,0,0,0,0,0,0,0,0,0,1,0,0,0,0,Harman Kardon,11,1
Harman Kardon,J88IWOR,0,1,0,0,Orange / White,129.99,8.0,24000.0,0,0,1,0,0,0,0,0,0,0,0,0,0,0,1,0,0,0,0,Harman Kardon,11,1
Harman Kardon,J88WOR,0,0,0,0,Orange / White,129.99,8.0,24000.0,0,0,1,0,0,0,0,0,0,0,0,0,0,0,1,0,0,0,0,Harman Kardon,11,1
Hercules,DJ-Adv G501,1,0,0,0,Black / Green,129.99,10.0,25000.0,0,0,0,0,0,0,0,0,0,1,0,0,1,0,0,0,0,0,0,Other,17,1
Hercules,HDP DJ-Pro M1001,0,0,0,0,Black / Blue,132.59,5.0,30000.0,0,0,0,0,0,1,0,0,0,0,0,0,1,0,0,0,0,0,0,Other,17,1
HiFiMAN,HE-400i,0,0,0,1,Black,184.71,20.0,35000.0,0,0,0,0,0,0,0,0,0,0,0,0,1,0,0,0,0,0,0,Other,17,2
HiFiMAN,HE300,0,0,0,0,Black / Silver,154.0,15.0,22000.0,0,0,0,0,0,0,0,0,0,0,1,0,1,0,0,0,0,0,0,Other,17,1
IOGEAR,Kaliber Gaming NUKLEUS,0,1,0,0,Black,29.93,20.0,20000.0,0,0,0,0,0,0,0,0,0,0,0,0,1,0,0,0,0,0,0,Other,17,0
JBL,Quantum 100,0,1,0,0,Black,27.95,20.0,20000.0,0,0,0,0,0,0,0,0,0,0,0,0,1,0,0,0,0,0,0,JBL,12,0
JBL,Quantum 100,0,1,0,0,White,39.95,20.0,20000.0,0,0,0,0,0,0,0,0,0,0,0,0,0,0,1,0,0,0,0,JBL,12,0
JBL,Quantum 100,0,1,0,0,Blue,39.95,20.0,20000.0,0,0,0,0,0,1,0,0,0,0,0,0,0,0,0,0,0,0,0,JBL,12,0
JBL,Quantum 200,0,1,0,0,Black,59.95,20.0,20000.0,0,0,0,0,0,0,0,0,0,0,0,0,1,0,0,0,0,0,0,JBL,12,1
JBL,Quantum 300,0,1,0,0,Black,49.95,20.0,20000.0,0,0,0,0,0,0,0,0,0,0,0,0,1,0,0,0,0,0,0,JBL,12,1
JBL,Quantum 400,0,1,0,0,Black,69.95,20.0,20000.0,0,0,0,0,0,0,0,0,0,0,0,0,1,0,0,0,0,0,0,JBL,12,1
JBL,Quantum 600,0,1,1,0,Black,129.95,20.0,20000.0,0,0,0,0,0,0,0,0,0,0,0,0,1,0,0,0,0,0,0,JBL,12,1
JBL,Quantum 800,0,1,1,0,Black,179.95,20.0,20000.0,0,0,0,0,0,0,0,0,0,0,0,0,1,0,0,0,0,0,0,JBL,12,2
JBL,Quantum One,0,1,0,0,Black,249.95,20.0,20000.0,0,0,0,0,0,0,0,0,0,0,0,0,1,0,0,0,0,0,0,JBL,12,2
JVC,HA-RX500,0,0,0,0,Black / White,24.95,10.0,22000.0,0,0,0,0,0,0,0,0,0,0,0,0,1,0,1,0,0,0,0,Other,17,0
JVC,HARX700,0,0,0,0,Black,41.15,8.0,25000.0,0,0,0,0,0,0,0,0,0,0,0,0,1,0,0,0,0,0,0,Other,17,0
JVC,HARX900,0,0,0,0,Black,64.61,7.0,26000.0,0,0,0,0,0,0,0,0,0,0,0,0,1,0,0,0,0,0,0,Other,17,1
Kingston,HyperX Cloud Alpha,0,1,0,0,Black / Red,79.98,13.0,27000.0,0,0,0,0,0,0,0,0,0,0,0,0,1,1,0,0,0,0,0,Kingston,13,1
Kingston,HyperX Cloud Alpha Cloud 9 Edition,0,1,0,0,Black / Blue,114.12,13.0,27000.0,0,0,0,0,0,1,0,0,0,0,0,0,1,0,0,0,0,0,0,Kingston,13,1
Kingston,HyperX Cloud Alpha S,0,1,0,0,Blue / Black,103.03,13.0,27000.0,0,0,0,0,0,1,0,0,0,0,0,0,1,0,0,0,0,0,0,Kingston,13,1
Kingston,HyperX Cloud Alpha S,0,1,0,0,Black,99.99,13.0,27000.0,0,0,0,0,0,0,0,0,0,0,0,0,1,0,0,0,0,0,0,Kingston,13,1
Kingston,HyperX Cloud Core,0,1,0,0,Black / Red,120.0,15.0,25000.0,0,0,0,0,0,0,0,0,0,0,0,0,1,1,0,0,0,0,0,Kingston,13,1
Kingston,HyperX Cloud Flight,0,1,1,0,Black / Red,130.66,15.0,23000.0,0,0,0,0,0,0,0,0,0,0,0,0,1,1,0,0,0,0,0,Kingston,13,1
Kingston,HyperX Cloud Flight S,0,1,1,0,Black / Silver,159.99,10.0,22000.0,0,0,0,0,0,0,0,0,0,0,1,0,1,0,0,0,0,0,0,Kingston,13,1
Kingston,HyperX Cloud II,0,1,0,0,Gunmetal,80.98,15.0,25000.0,0,0,0,0,0,0,0,0,0,0,0,1,0,0,0,0,0,0,0,Kingston,13,1
Kingston,HyperX Cloud II,0,1,0,0,Black / Red,79.0,15.0,25000.0,0,0,0,0,0,0,0,0,0,0,0,0,1,1,0,0,0,0,0,Kingston,13,1
Kingston,HyperX Cloud MIX,0,1,1,0,Black / Silver,129.99,10.0,40000.0,0,0,0,0,0,0,0,0,0,0,1,0,1,0,0,0,0,0,0,Kingston,13,1
Kingston,HyperX Cloud Orbit S,0,1,0,0,Black / Gray,264.99,10.0,50000.0,0,1,0,0,0,0,0,0,0,0,0,0,1,0,0,0,0,0,0,Kingston,13,2
Kingston,HyperX Cloud Revolver,0,1,0,0,Silver,119.99,12.0,28000.0,0,0,0,0,0,0,0,0,0,0,1,0,0,0,0,0,0,0,0,Kingston,13,1
Kingston,HyperX Cloud Revolver S,0,1,0,0,Silver,134.99,12.0,28000.0,0,0,0,0,0,0,0,0,0,0,1,0,0,0,0,0,0,0,0,Kingston,13,1
Kingston,HyperX Cloud Stinger,0,1,0,0,Black / Red,39.99,18.0,23000.0,0,0,0,0,0,0,0,0,0,0,0,0,1,1,0,0,0,0,0,Kingston,13,0
Koss,CS100 USB,1,1,0,0,Black / Silver,19.98,30.0,16000.0,0,0,0,0,0,0,0,0,0,0,1,0,1,0,0,0,0,0,0,Koss,14,0
Koss,CS100 USB,1,1,0,0,Black / Silver,30.94,30.0,16000.0,0,0,0,0,0,0,0,0,0,0,1,0,1,0,0,0,0,0,0,Koss,14,0
Koss,CS95,1,1,0,0,Black / Silver,14.83,30.0,16000.0,0,0,0,0,0,0,0,0,0,0,1,0,1,0,0,0,0,0,0,Koss,14,0
Koss,CS95USB,1,1,0,0,Black / Silver,23.74,30.0,16000.0,0,0,0,0,0,0,0,0,0,0,1,0,1,0,0,0,0,0,0,Koss,14,0
Koss,PORTAPROKTC,1,0,0,0,Black / Silver,71.0,15.0,25000.0,0,0,0,0,0,0,0,0,0,0,1,0,1,0,0,0,0,0,0,Koss,14,1
Koss,PortaPro,1,0,0,1,Black / Blue,34.99,15.0,25000.0,0,0,0,0,0,1,0,0,0,0,0,0,1,0,0,0,0,0,0,Koss,14,0
Koss,QZ9922,0,0,0,0,Black / Silver,48.98,40.0,20000.0,0,0,0,0,0,0,0,0,0,0,1,0,1,0,0,0,0,0,0,Koss,14,1
Koss,QZPRO,0,0,0,0,Black / Silver,39.88,40.0,20000.0,0,0,0,0,0,0,0,0,0,0,1,0,1,0,0,0,0,0,0,Koss,14,0
Koss,SB40,0,1,0,0,Black,29.51,20.0,20000.0,0,0,0,0,0,0,0,0,0,0,0,0,1,0,0,0,0,0,0,Koss,14,0
Koss,SB42,0,1,0,0,Black,47.12,20.0,20000.0,0,0,0,0,0,0,0,0,0,0,0,0,1,0,0,0,0,0,0,Koss,14,1
Koss,SB45,0,1,0,0,Black / White,31.0,18.0,20000.0,0,0,0,0,0,0,0,0,0,0,0,0,1,0,1,0,0,0,0,Koss,14,0
Koss,SB45 07,0,1,0,0,Black / White,36.98,18.0,20000.0,0,0,0,0,0,0,0,0,0,0,0,0,1,0,1,0,0,0,0,Koss,14,0
Koss,SB45 USB,0,1,0,0,Black / Silver,32.99,18.0,20000.0,0,0,0,0,0,0,0,0,0,0,1,0,1,0,0,0,0,0,0,Koss,14,0
Koss,SB49,0,1,0,0,Black / White,57.94,18.0,20000.0,0,0,0,0,0,0,0,0,0,0,0,0,1,0,1,0,0,0,0,Koss,14,1
Koss,TD85 07,0,1,0,0,Black / Silver,45.99,20.0,17000.0,0,0,0,0,0,0,0,0,0,0,1,0,1,0,0,0,0,0,0,Koss,14,1
Koss,UR/10,1,0,0,0,Black / Silver,14.99,60.0,20000.0,0,0,0,0,0,0,0,0,0,0,1,0,1,0,0,0,0,0,0,Koss,14,0
Koss,UR/29,0,0,0,0,Black / Silver,23.99,18.0,20000.0,0,0,0,0,0,0,0,0,0,0,1,0,1,0,0,0,0,0,0,Koss,14,0
Logitech,G PRO,0,1,0,0,Black,91.99,20.0,20000.0,0,0,0,0,0,0,0,0,0,0,0,0,1,0,0,0,0,0,0,Logitech,15,1
Logitech,G230,0,1,0,0,Black / Red,84.95,20.0,20000.0,0,0,0,0,0,0,0,0,0,0,0,0,1,1,0,0,0,0,0,Logitech,15,1
Logitech,G231 PRODIGY,0,1,0,0,Black / Orange,98.5,20.0,20000.0,0,0,1,0,0,0,0,0,0,0,0,0,1,0,0,0,0,0,0,Logitech,15,1
Logitech,G233 PRODIGY,0,1,0,0,Black / Blue,78.68,20.0,20000.0,0,0,0,0,0,1,0,0,0,0,0,0,1,0,0,0,0,0,0,Logitech,15,1
Logitech,G332,0,1,0,0,Black / Red,29.99,20.0,20000.0,0,0,0,0,0,0,0,0,0,0,0,0,1,1,0,0,0,0,0,Logitech,15,0
Logitech,G35,0,1,0,0,Black,308.88,20.0,20000.0,0,0,0,0,0,0,0,0,0,0,0,0,1,0,0,0,0,0,0,Logitech,15,2
Logitech,G430,0,1,0,0,Black / Blue,219.99,20.0,20000.0,0,0,0,0,0,1,0,0,0,0,0,0,1,0,0,0,0,0,0,Logitech,15,2
Logitech,G432,0,1,0,0,Black / Blue,39.99,20.0,20000.0,0,0,0,0,0,1,0,0,0,0,0,0,1,0,0,0,0,0,0,Logitech,15,0
Logitech,G633 Artemis Spectrum,0,1,0,0,Black / Blue,134.94,20.0,20000.0,0,0,0,0,0,1,0,0,0,0,0,0,1,0,0,0,0,0,0,Logitech,15,1
Logitech,G635,0,1,0,0,Black / Blue,69.99,20.0,20000.0,0,0,0,0,0,1,0,0,0,0,0,0,1,0,0,0,0,0,0,Logitech,15,1
Logitech,G733,0,1,1,0,Blue,189.0,20.0,20000.0,0,0,0,0,0,1,0,0,0,0,0,0,0,0,0,0,0,0,0,Logitech,15,2
Logitech,G733,0,1,1,0,White / Gray,119.99,20.0,20000.0,0,1,0,0,0,0,0,0,0,0,0,0,0,0,1,0,0,0,0,Logitech,15,1
Logitech,G733,0,1,1,0,Black,119.99,20.0,20000.0,0,0,0,0,0,0,0,0,0,0,0,0,1,0,0,0,0,0,0,Logitech,15,1
Logitech,G930,0,1,1,0,Black / Red,299.97,20.0,20000.0,0,0,0,0,0,0,0,0,0,0,0,0,1,1,0,0,0,0,0,Logitech,15,2
Logitech,G933 Artemis Spectrum,0,1,1,0,Black / Blue,243.37,20.0,20000.0,0,0,0,0,0,1,0,0,0,0,0,0,1,0,0,0,0,0,0,Logitech,15,2
Logitech,G935,0,1,1,0,Black / Blue,119.99,20.0,20000.0,0,0,0,0,0,1,0,0,0,0,0,0,1,0,0,0,0,0,0,Logitech,15,1
Logitech,G935,0,1,1,0,Black,119.99,20.0,20000.0,0,0,0,0,0,0,0,0,0,0,0,0,1,0,0,0,0,0,0,Logitech,15,1
Logitech,H110,1,1,0,0,Black / Silver,24.99,20.0,20000.0,0,0,0,0,0,0,0,0,0,0,1,0,1,0,0,0,0,0,0,Logitech,15,0
Logitech,H111,1,1,0,0,Black,19.98,20.0,20000.0,0,0,0,0,0,0,0,0,0,0,0,0,1,0,0,0,0,0,0,Logitech,15,0
Logitech,H340,1,1,0,0,Black,22.99,20.0,20000.0,0,0,0,0,0,0,0,0,0,0,0,0,1,0,0,0,0,0,0,Logitech,15,0
Logitech,H390,1,1,0,0,Black / Silver,27.99,20.0,20000.0,0,0,0,0,0,0,0,0,0,0,1,0,1,0,0,0,0,0,0,Logitech,15,0
Logitech,H650e,1,1,0,0,Black / Silver,77.99,50.0,10000.0,0,0,0,0,0,0,0,0,0,0,1,0,1,0,0,0,0,0,0,Logitech,15,1
Logitech,H650e,1,1,0,0,Black,75.99,50.0,10000.0,0,0,0,0,0,0,0,0,0,0,0,0,1,0,0,0,0,0,0,Logitech,15,1
Logitech,H800,1,1,0,0,Black,69.98,30.0,15000.0,0,0,0,0,0,0,0,0,0,0,0,0,1,0,0,0,0,0,0,Logitech,15,1
Logitech,H820e,1,1,0,0,Black / Silver,163.5,150.0,7000.0,0,0,0,0,0,0,0,0,0,0,1,0,1,0,0,0,0,0,0,Logitech,15,1
Logitech,Pro X Gaming,0,1,0,0,Black,129.99,20.0,20000.0,0,0,0,0,0,0,0,0,0,0,0,0,1,0,0,0,0,0,0,Logitech,15,1
LucidSound,LS35X,0,1,1,0,Black,179.99,20.0,20000.0,0,0,0,0,0,0,0,0,0,0,0,0,1,0,0,0,0,0,0,Other,17,2
LucidSound,LS41,0,1,1,0,Black,199.96,20.0,20000.0,0,0,0,0,0,0,0,0,0,0,0,0,1,0,0,0,0,0,0,Other,17,2
LyxPro,HAS-30,0,0,0,0,Black,44.99,15.0,26000.0,0,0,0,0,0,0,0,0,0,0,0,0,1,0,0,0,0,0,0,Other,17,0
MSI,DS501,0,1,0,0,Black / Red,24.95,20.0,20000.0,0,0,0,0,0,0,0,0,0,0,0,0,1,1,0,0,0,0,0,Other,17,0
MSI,DS502,0,1,0,0,Black / Red,44.99,20.0,20000.0,0,0,0,0,0,0,0,0,0,0,0,0,1,1,0,0,0,0,0,Other,17,0
MSI,IMMERSE GH50,0,1,0,0,Black,64.98,20.0,20000.0,0,0,0,0,0,0,0,0,0,0,0,0,1,0,0,0,0,0,0,Other,17,1
MSI,Immerse GH30,0,1,0,0,Black / Red,39.99,20.0,20000.0,0,0,0,0,0,0,0,0,0,0,0,0,1,1,0,0,0,0,0,Other,17,0
Mad Catz,F.R.E.Q. 3,0,0,0,0,Black / Red,99.99,20.0,20000.0,0,0,0,0,0,0,0,0,0,0,0,0,1,1,0,0,0,0,0,Mad Catz,16,1
Mad Catz,F.R.E.Q. 3,0,0,0,0,Black / Silver,29.99,20.0,20000.0,0,0,0,0,0,0,0,0,0,0,1,0,1,0,0,0,0,0,0,Mad Catz,16,0
Mad Catz,F.R.E.Q. 3,0,0,0,0,Black / White,99.99,20.0,20000.0,0,0,0,0,0,0,0,0,0,0,0,0,1,0,1,0,0,0,0,Mad Catz,16,1
Mad Catz,F.R.E.Q. M,0,1,0,0,Black / Red,49.99,20.0,20000.0,0,0,0,0,0,0,0,0,0,0,0,0,1,1,0,0,0,0,0,Mad Catz,16,1
Mad Catz,F.R.E.Q. M,0,1,0,0,Black / Red,48.99,20.0,20000.0,0,0,0,0,0,0,0,0,0,0,0,0,1,1,0,0,0,0,0,Mad Catz,16,1
Mad Catz,F.R.E.Q.4D,0,0,0,0,Black / Silver,49.0,20.0,20000.0,0,0,0,0,0,0,0,0,0,0,1,0,1,0,0,0,0,0,0,Mad Catz,16,1
Microsoft,L2 LifeChat LX-1000,1,1,0,0,Black,58.99,80.0,20000.0,0,0,0,0,0,0,0,0,0,0,0,0,1,0,0,0,0,0,0,Other,17,1
Microsoft,LifeChat LX-6000,1,1,0,0,Black / Silver,45.13,75.0,20000.0,0,0,0,0,0,0,0,0,0,0,1,0,1,0,0,0,0,0,0,Other,17,1
Microsoft,Surface Headset,0,1,1,0,Gray,175.0,20.0,20000.0,0,1,0,0,0,0,0,0,0,0,0,0,0,0,0,0,0,0,0,Other,17,1
Monoprice,8323,0,0,0,0,Black,29.96,20.0,20000.0,0,0,0,0,0,0,0,0,0,0,0,0,1,0,0,0,0,0,0,Other,17,0
Monoprice,Monolith M1060,0,0,0,1,Black / Brown,239.99,10.0,50000.0,0,0,0,0,0,0,0,0,0,0,0,0,1,0,0,1,0,0,0,Other,17,2
Monoprice,Monolith M565,0,0,0,1,Black / Brown,186.98,10.0,45000.0,0,0,0,0,0,0,0,0,0,0,0,0,1,0,0,1,0,0,0,Other,17,2
Panasonic,RP-DJS400-A,1,0,0,0,Black / Blue,39.99,10.0,27000.0,0,0,0,0,0,1,0,0,0,0,0,0,1,0,0,0,0,0,0,Panasonic,18,0
Panasonic,RP-DJS400-G,1,0,0,0,Green / White,35.0,10.0,27000.0,0,0,0,0,0,0,0,0,0,1,0,0,0,0,1,0,0,0,0,Panasonic,18,0
Panasonic,RP-DJS400-R,1,0,0,0,Black / Red,86.0,10.0,27000.0,0,0,0,0,0,0,0,0,0,0,0,0,1,1,0,0,0,0,0,Panasonic,18,1
Panasonic,RP-HC720-K,0,0,0,0,Black,146.9,10.0,30000.0,0,0,0,0,0,0,0,0,0,0,0,0,1,0,0,0,0,0,0,Panasonic,18,1
Panasonic,RP-HT21,1,0,0,0,Black / Silver,12.99,16.0,22000.0,0,0,0,0,0,0,0,0,0,0,1,0,1,0,0,0,0,0,0,Panasonic,18,0
Panasonic,RP-HT227,0,0,0,0,Black / Silver,24.99,18.0,22000.0,0,0,0,0,0,0,0,0,0,0,1,0,1,0,0,0,0,0,0,Panasonic,18,0
Panasonic,RP-HX35-R,1,0,0,0,Black / Red,9.99,10.0,25000.0,0,0,0,0,0,0,0,0,0,0,0,0,1,1,0,0,0,0,0,Panasonic,18,0
Panasonic,RP-HX35-W,1,0,0,0,White,11.95,10.0,25000.0,0,0,0,0,0,0,0,0,0,0,0,0,0,0,1,0,0,0,0,Panasonic,18,0
Panasonic,RP-HX40-PK,1,0,0,0,Pink / Black,24.95,10.0,25000.0,0,0,0,0,0,0,1,0,0,0,0,0,1,0,0,0,0,0,0,Panasonic,18,0
Panasonic,RP-HXC40-K,1,0,0,0,Black / Silver,19.98,10.0,25000.0,0,0,0,0,0,0,0,0,0,0,1,0,1,0,0,0,0,0,0,Panasonic,18,0
Panasonic,RP-HXD3W-K,1,0,0,0,Black / Silver,34.4,10.0,25000.0,0,0,0,0,0,0,0,0,0,0,1,0,1,0,0,0,0,0,0,Panasonic,18,0
Philips,Fidelio X2HR/00,0,0,0,1,Black,148.99,5.0,40000.0,0,0,0,0,0,0,0,0,0,0,0,0,1,0,0,0,0,0,0,Philips,19,1
Philips,LFH2236/00,1,0,0,0,Black / Silver,29.0,18.0,20000.0,0,0,0,0,0,0,0,0,0,0,1,0,1,0,0,0,0,0,0,Philips,19,0
Philips,SHB9100RD,1,0,1,0,Black / Red,60.13,18.0,21000.0,0,0,0,0,0,0,0,0,0,0,0,0,1,1,0,0,0,0,0,Philips,19,1
Philips,SHL5200WT/28,1,0,0,0,White,49.99,20.0,20000.0,0,0,0,0,0,0,0,0,0,0,0,0,0,0,1,0,0,0,0,Philips,19,1
Philips,SHO7205/BK,1,0,0,0,Black / Red,39.95,12.0,24000.0,0,0,0,0,0,0,0,0,0,0,0,0,1,1,0,0,0,0,0,Philips,19,0
Philips,SHO7205/WT,1,0,0,0,White / Blue,42.51,12.0,24000.0,0,0,0,0,0,1,0,0,0,0,0,0,0,0,1,0,0,0,0,Philips,19,0
Philips,SHP9500,0,0,0,1,Black,78.9,12.0,35000.0,0,0,0,0,0,0,0,0,0,0,0,0,1,0,0,0,0,0,0,Philips,19,1
Philips,SHP9600/00,0,0,0,1,Black / Copper,129.99,12.0,35000.0,0,0,0,0,0,0,0,0,0,0,0,0,1,0,0,0,0,1,0,Philips,19,1
Philips,X3/00,0,0,0,1,Black,199.0,5.0,40000.0,0,0,0,0,0,0,0,0,0,0,0,0,1,0,0,0,0,0,0,Philips,19,2
Pioneer,SE-A1000,0,0,0,0,Black / Silver,99.95,10.0,30000.0,0,0,0,0,0,0,0,0,0,0,1,0,1,0,0,0,0,0,0,Pioneer,20,1
Pioneer,SE-D10MT-W,1,0,0,0,White,53.82,8.0,28000.0,0,0,0,0,0,0,0,0,0,0,0,0,0,0,1,0,0,0,0,Pioneer,20,1
Pioneer,SE-MJ721I-K,1,0,0,0,Black,46.88,6.0,28000.0,0,0,0,0,0,0,0,0,0,0,0,0,1,0,0,0,0,0,0,Pioneer,20,1
Pioneer,SE-MJ721I-T,1,0,0,0,Brown,47.46,6.0,28000.0,0,0,0,0,0,0,0,0,0,0,0,0,0,0,0,1,0,0,0,Pioneer,20,1
Pioneer,SE-MJ751I,1,0,0,0,Black,24.98,8.0,28000.0,0,0,0,0,0,0,0,0,0,0,0,0,1,0,0,0,0,0,0,Pioneer,20,0
Plantronics,.Audio 355,0,1,0,0,Black,49.99,20.0,20000.0,0,0,0,0,0,0,0,0,0,0,0,0,1,0,0,0,0,0,0,Other,17,1
Plantronics,Blackwire 5220,1,1,0,0,Red / Black,84.99,20.0,20000.0,0,0,0,0,0,0,0,0,0,0,0,0,1,1,0,0,0,0,0,Other,17,1
Plantronics,Blackwire 7225,1,1,0,0,Black,132.99,20.0,20000.0,0,0,0,0,0,0,0,0,0,0,0,0,1,0,0,0,0,0,0,Other,17,1
Plantronics,Rig 800HD,0,1,1,1,Black / Gold,159.0,20.0,20000.0,0,0,0,0,0,0,0,1,0,0,0,0,1,0,0,0,0,0,0,Other,17,1
Polk,Striker P1,0,1,0,0,Black,64.45,20.0,20000.0,0,0,0,0,0,0,0,0,0,0,0,0,1,0,0,0,0,0,0,Other,17,1
Pyle Audio,PHPDJ1,0,0,0,0,Black / Silver,25.48,20.0,22000.0,0,0,0,0,0,0,0,0,0,0,1,0,1,0,0,0,0,0,0,Other,17,0
Pyle Audio,PHPMC2,0,1,0,0,Black / White,19.14,20.0,22000.0,0,0,0,0,0,0,0,0,0,0,0,0,1,0,1,0,0,0,0,Other,17,0
RCA,HP5041,1,0,0,2,Red / White,11.8,20.0,20000.0,0,0,0,0,0,0,0,0,0,0,0,0,0,1,1,0,0,0,0,Other,17,0
RCA,HP5042,1,0,0,2,Black / Gray,17.17,20.0,20000.0,0,1,0,0,0,0,0,0,0,0,0,0,1,0,0,0,0,0,0,Other,17,0
RCA,HP5043,1,0,0,2,Black / Silver,23.99,20.0,20000.0,0,0,0,0,0,0,0,0,0,0,1,0,1,0,0,0,0,0,0,Other,17,0
ROCCAT,Kave XTD 5.1 Premium,0,1,0,0,Black / Blue,339.9,20.0,20000.0,0,0,0,0,0,1,0,0,0,0,0,0,1,0,0,0,0,0,0,ROCCAT,21,2
ROCCAT,Kave XTD Stereo,0,1,0,0,Black / Blue,58.65,20.0,20000.0,0,0,0,0,0,1,0,0,0,0,0,0,1,0,0,0,0,0,0,ROCCAT,21,1
ROCCAT,Kave XTD Stereo Camo Charge,0,1,0,0,Camo,44.28,20.0,20000.0,0,0,0,0,0,0,0,0,0,0,0,0,0,0,0,0,1,0,0,ROCCAT,21,0
ROCCAT,Kave XTD Stereo Desert Strike,0,1,0,0,Black / Green,154.28,20.0,20000.0,0,0,0,0,0,0,0,0,0,1,0,0,1,0,0,0,0,0,0,ROCCAT,21,1
ROCCAT,Khan Aimo,0,1,0,0,White / Black,119.99,10.0,40000.0,0,0,0,0,0,0,0,0,0,0,0,0,1,0,1,0,0,0,0,ROCCAT,21,1
ROCCAT,Kulo - Virtual 7.1 Gaming Headset,1,1,0,0,Black,38.99,20.0,20000.0,0,0,0,0,0,0,0,0,0,0,0,0,1,0,0,0,0,0,0,ROCCAT,21,0
ROCCAT,Renga Boost,0,1,0,2,Black,116.94,20.0,20000.0,0,0,0,0,0,0,0,0,0,0,0,0,1,0,0,0,0,0,0,ROCCAT,21,1
Razer,Adaro,0,0,0,0,Black / Green,34.99,20.0,20000.0,0,0,0,0,0,0,0,0,0,1,0,0,1,0,0,0,0,0,0,Razer,22,0
Razer,BlackShark V2,0,1,0,0,Black / Green,99.96,12.0,28000.0,0,0,0,0,0,0,0,0,0,1,0,0,1,0,0,0,0,0,0,Razer,22,1
Razer,BlackShark V2 X,0,1,0,0,Black / Green,59.99,12.0,28000.0,0,0,0,0,0,0,0,0,0,1,0,0,1,0,0,0,0,0,0,Razer,22,1
Razer,Carcharias,0,1,0,0,Black,69.98,20.0,20000.0,0,0,0,0,0,0,0,0,0,0,0,0,1,0,0,0,0,0,0,Razer,22,1
Razer,Kraken,0,1,0,0,Black,187.52,20.0,20000.0,0,0,0,0,0,0,0,0,0,0,0,0,1,0,0,0,0,0,0,Razer,22,2
Razer,Kraken 7.1 V2,0,1,0,0,Black / Green,250.0,12.0,28000.0,0,0,0,0,0,0,0,0,0,1,0,0,1,0,0,0,0,0,0,Razer,22,2
Razer,Kraken Forged,0,1,0,0,Black / Silver,99.99,20.0,20000.0,0,0,0,0,0,0,0,0,0,0,1,0,1,0,0,0,0,0,0,Razer,22,1
Razer,Kraken Forged,0,0,0,0,Black / Silver,99.99,20.0,20000.0,0,0,0,0,0,0,0,0,0,0,1,0,1,0,0,0,0,0,0,Razer,22,1
Razer,Kraken Pro,0,1,0,0,Black / Green,180.86,20.0,20000.0,0,0,0,0,0,0,0,0,0,1,0,0,1,0,0,0,0,0,0,Razer,22,2
Razer,Kraken Pro 2015,0,1,0,0,Black / Green,158.26,20.0,20000.0,0,0,0,0,0,0,0,0,0,1,0,0,1,0,0,0,0,0,0,Razer,22,1
Razer,Kraken Ultimate,0,1,0,0,Black,129.99,20.0,20000.0,0,0,0,0,0,0,0,0,0,0,0,0,1,0,0,0,0,0,0,Razer,22,1
Razer,Kraken X,0,1,0,0,Black,49.99,12.0,28000.0,0,0,0,0,0,0,0,0,0,0,0,0,1,0,0,0,0,0,0,Razer,22,1
Razer,NARI,0,1,1,0,Black / Green,149.99,20.0,20000.0,0,0,0,0,0,0,0,0,0,1,0,0,1,0,0,0,0,0,0,Razer,22,1
Razer,NARI ESSENTIAL,0,1,1,0,Black,84.0,20.0,20000.0,0,0,0,0,0,0,0,0,0,0,0,0,1,0,0,0,0,0,0,Razer,22,1
Razer,NARI ULTIMATE,0,1,1,0,Black / Green,199.99,20.0,20000.0,0,0,0,0,0,0,0,0,0,1,0,0,1,0,0,0,0,0,0,Razer,22,2
Razer,RZ12-01110100-R3U1,0,0,0,0,Black / Silver,149.99,20.0,20000.0,0,0,0,0,0,0,0,0,0,0,1,0,1,0,0,0,0,0,0,Razer,22,1
Razer,Tiamat 2.2,0,1,0,0,Black,140.95,20.0,20000.0,0,0,0,0,0,0,0,0,0,0,0,0,1,0,0,0,0,0,0,Razer,22,1
Razer,Tiamat 7.1 V2,0,1,0,0,Black / Silver,64.95,20.0,20000.0,0,0,0,0,0,0,0,0,0,0,1,0,1,0,0,0,0,0,0,Razer,22,1
Rosewill,Audiowave H9000,0,1,1,0,Black,55.41,20.0,40000.0,0,0,0,0,0,0,0,0,0,0,0,0,1,0,0,0,0,0,0,Other,17,1
Rosewill,NEBULA GX51,0,1,0,0,Black,99.99,20.0,20000.0,0,0,0,0,0,0,0,0,0,0,0,0,1,0,0,0,0,0,0,Other,17,1
Rosewill,RHTS-11004,0,0,0,0,Black / Silver,94.99,20.0,20000.0,0,0,0,0,0,0,0,0,0,0,1,0,1,0,0,0,0,0,0,Other,17,1
SIVGA,SVIGA SV007,0,0,0,0,Brown / Black,99.82,20.0,20000.0,0,0,0,0,0,0,0,0,0,0,0,0,1,0,0,1,0,0,0,Other,17,1
Sades,SA-902-B,0,1,0,0,Black / Red,24.99,20.0,20000.0,0,0,0,0,0,0,0,0,0,0,0,0,1,1,0,0,0,0,0,Other,17,0
Sennheiser,AMPERIOR-BL,1,0,0,0,Black / Silver,299.99,16.0,22000.0,0,0,0,0,0,0,0,0,0,0,1,0,1,0,0,0,0,0,0,Sennheiser,23,2
Sennheiser,CC 510,1,1,0,0,Black,95.66,300.0,3400.0,0,0,0,0,0,0,0,0,0,0,0,0,1,0,0,0,0,0,0,Sennheiser,23,1
Sennheiser,CC550,1,1,0,0,Black,128.62,300.0,3400.0,0,0,0,0,0,0,0,0,0,0,0,0,1,0,0,0,0,0,0,Sennheiser,23,1
Sennheiser,CC550 IP,1,0,0,0,Black,149.95,150.0,6800.0,0,0,0,0,0,0,0,0,0,0,0,0,1,0,0,0,0,0,0,Sennheiser,23,1
Sennheiser,GAME ONE,0,1,0,1,Black / Red,299.99,15.0,28000.0,0,0,0,0,0,0,0,0,0,0,0,0,1,1,0,0,0,0,0,Sennheiser,23,2
Sennheiser,GAME ONE,0,1,0,0,Black / Red,131.99,15.0,28000.0,0,0,0,0,0,0,0,0,0,0,0,0,1,1,0,0,0,0,0,Sennheiser,23,1
Sennheiser,GAME ONE Black,0,1,0,1,Black / White,131.99,15.0,28000.0,0,0,0,0,0,0,0,0,0,0,0,0,1,0,1,0,0,0,0,Sennheiser,23,1
Sennheiser,GAME ZERO,0,1,0,0,Black / Red,164.99,10.0,26000.0,0,0,0,0,0,0,0,0,0,0,0,0,1,1,0,0,0,0,0,Sennheiser,23,1
Sennheiser,GAME ZERO Black,0,1,0,1,Black / Red,164.99,10.0,26000.0,0,0,0,0,0,0,0,0,0,0,0,0,1,1,0,0,0,0,0,Sennheiser,23,1
Sennheiser,GSP 300,0,1,0,0,Black / Blue,75.0,15.0,26000.0,0,0,0,0,0,1,0,0,0,0,0,0,1,0,0,0,0,0,0,Sennheiser,23,1
Sennheiser,GSP 350,0,1,0,0,Black / Red,139.95,15.0,26000.0,0,0,0,0,0,0,0,0,0,0,0,0,1,1,0,0,0,0,0,Sennheiser,23,1
Sennheiser,GSP 370,0,1,1,0,Black,195.98,20.0,20000.0,0,0,0,0,0,0,0,0,0,0,0,0,1,0,0,0,0,0,0,Sennheiser,23,2
Sennheiser,GSP 500,0,1,0,2,Black / Red,178.63,10.0,30000.0,0,0,0,0,0,0,0,0,0,0,0,0,1,1,0,0,0,0,0,Sennheiser,23,1
Sennheiser,GSP 550,0,1,0,2,Green / Black,206.1,10.0,30000.0,0,0,0,0,0,0,0,0,0,1,0,0,1,0,0,0,0,0,0,Sennheiser,23,2
Sennheiser,GSP 600,0,1,0,0,Black / Red,178.0,10.0,30000.0,0,0,0,0,0,0,0,0,0,0,0,0,1,1,0,0,0,0,0,Sennheiser,23,1
Sennheiser,GSP 670,0,1,1,0,Black,288.99,10.0,23000.0,0,0,0,0,0,0,0,0,0,0,0,0,1,0,0,0,0,0,0,Sennheiser,23,2
Sennheiser,HD 202 II,0,0,0,0,Black,149.99,18.0,18000.0,0,0,0,0,0,0,0,0,0,0,0,0,1,0,0,0,0,0,0,Sennheiser,23,1
Sennheiser,HD 280 PRO,0,0,0,0,Black,99.95,8.0,25000.0,0,0,0,0,0,0,0,0,0,0,0,0,1,0,0,0,0,0,0,Sennheiser,23,1
Sennheiser,HD 4.40BT,0,1,1,0,Black,99.99,18.0,22000.0,0,0,0,0,0,0,0,0,0,0,0,0,1,0,0,0,0,0,0,Sennheiser,23,1
Sennheiser,HD 428 SC,0,0,0,0,Black,258.0,18.0,22000.0,0,0,0,0,0,0,0,0,0,0,0,0,1,0,0,0,0,0,0,Sennheiser,23,2
Sennheiser,HD 558,0,0,0,1,Black / Silver,199.99,15.0,28000.0,0,0,0,0,0,0,0,0,0,0,1,0,1,0,0,0,0,0,0,Sennheiser,23,2
Sennheiser,HD 559,0,0,0,1,Black,99.95,14.0,26000.0,0,0,0,0,0,0,0,0,0,0,0,0,1,0,0,0,0,0,0,Sennheiser,23,1
Sennheiser,HD 569,0,1,0,0,Black,149.94,10.0,28000.0,0,0,0,0,0,0,0,0,0,0,0,0,1,0,0,0,0,0,0,Sennheiser,23,1
Sennheiser,HD 579,0,0,0,1,Gray,219.0,15.0,28000.0,0,1,0,0,0,0,0,0,0,0,0,0,0,0,0,0,0,0,0,Sennheiser,23,2
Sennheiser,HD 599,0,0,0,1,White / Brown,199.95,12.0,38500.0,0,0,0,0,0,0,0,0,0,0,0,0,0,0,1,1,0,0,0,Sennheiser,23,2
Sennheiser,HD25-1  II,1,0,0,0,Black,249.95,16.0,22000.0,0,0,0,0,0,0,0,0,0,0,0,0,1,0,0,0,0,0,0,Sennheiser,23,2
Sennheiser,M2 AEG Black,0,1,0,0,Black / Silver,248.0,16.0,22000.0,0,0,0,0,0,0,0,0,0,0,1,0,1,0,0,0,0,0,0,Sennheiser,23,2
Sennheiser,M2 AEi Black,1,1,0,0,Black / Silver,239.99,16.0,22000.0,0,0,0,0,0,0,0,0,0,0,1,0,1,0,0,0,0,0,0,Sennheiser,23,2
Sennheiser,M2 AEi Ivory,0,1,0,0,Brown,349.99,16.0,22000.0,0,0,0,0,0,0,0,0,0,0,0,0,0,0,0,1,0,0,0,Sennheiser,23,2
Sennheiser,M2 OEG Ivory,0,1,0,0,Black / White,289.99,16.0,22000.0,0,0,0,0,0,0,0,0,0,0,0,0,1,0,1,0,0,0,0,Sennheiser,23,2
Sennheiser,M2 OEi Black,1,1,0,0,Black / Silver,199.95,16.0,22000.0,0,0,0,0,0,0,0,0,0,0,1,0,1,0,0,0,0,0,0,Sennheiser,23,2
Sennheiser,M2 OEi Brown,1,1,0,0,Brown / Black,204.99,16.0,22000.0,0,0,0,0,0,0,0,0,0,0,0,0,1,0,0,1,0,0,0,Sennheiser,23,2
Sennheiser,M3AEBTXL,0,0,1,0,Black / Silver,329.0,6.0,22000.0,0,0,0,0,0,0,0,0,0,0,1,0,1,0,0,0,0,0,0,Sennheiser,23,2
Sennheiser,M3AEBTXL Sandy White,0,0,1,0,White / Silver,349.95,6.0,22000.0,0,0,0,0,0,0,0,0,0,0,1,0,0,0,1,0,0,0,0,Sennheiser,23,2
Sennheiser,Momentum Black,1,0,0,0,Black / Silver,159.97,16.0,22000.0,0,0,0,0,0,0,0,0,0,0,1,0,1,0,0,0,0,0,0,Sennheiser,23,1
Sennheiser,PC 5 CHAT,1,1,0,0,Black,19.9,42.0,17000.0,0,0,0,0,0,0,0,0,0,0,0,0,1,0,0,0,0,0,0,Sennheiser,23,0
Sennheiser,PC330,0,1,0,0,Black / Silver,89.99,14.0,22000.0,0,0,0,0,0,0,0,0,0,0,1,0,1,0,0,0,0,0,0,Sennheiser,23,1
Sennheiser,PX360,0,0,0,0,Black,159.0,15.0,22000.0,0,0,0,0,0,0,0,0,0,0,0,0,1,0,0,0,0,0,0,Sennheiser,23,1
Sennheiser,RS 120,1,0,1,1,Black / Silver,79.95,22.0,19500.0,0,0,0,0,0,0,0,0,0,0,1,0,1,0,0,0,0,0,0,Sennheiser,23,1
Sennheiser,RS 170,0,0,0,0,Black / Silver,279.95,18.0,21000.0,0,0,0,0,0,0,0,0,0,0,1,0,1,0,0,0,0,0,0,Sennheiser,23,2
Sennheiser,RS 175,0,0,1,0,Black / Silver,252.94,17.0,22000.0,0,0,0,0,0,0,0,0,0,0,1,0,1,0,0,0,0,0,0,Sennheiser,23,2
Sennheiser,SC260,1,1,0,0,Black / Silver,74.99,150.0,6800.0,0,0,0,0,0,0,0,0,0,0,1,0,1,0,0,0,0,0,0,Sennheiser,23,1
Shure,SRH440,0,0,0,0,Black,79.0,10.0,22000.0,0,0,0,0,0,0,0,0,0,0,0,0,1,0,0,0,0,0,0,Other,17,1
Shure,SRH750DJ,0,0,0,0,Black / Silver,149.0,5.0,30000.0,0,0,0,0,0,0,0,0,0,0,1,0,1,0,0,0,0,0,0,Other,17,1
Shure,SRH840,0,0,0,0,Black,129.0,5.0,25000.0,0,0,0,0,0,0,0,0,0,0,0,0,1,0,0,0,0,0,0,Other,17,1
Skullcandy,Crusher,0,0,1,0,Black,148.99,20.0,20000.0,0,0,0,0,0,0,0,0,0,0,0,0,1,0,0,0,0,0,0,Skullcandy,24,1
Skullcandy,S5URFZ-101,1,0,0,0,Black / Blue,39.99,20.0,20000.0,0,0,0,0,0,1,0,0,0,0,0,0,1,0,0,0,0,0,0,Skullcandy,24,0
Skullcandy,S6AGDZ-150,0,0,0,0,Red / Amber,17.98,18.0,20000.0,0,0,0,0,0,0,0,0,1,0,0,0,0,1,0,0,0,0,0,Skullcandy,24,0
Skullcandy,S6HSDZ-072,0,1,0,0,Black / White,69.98,20.0,20000.0,0,0,0,0,0,0,0,0,0,0,0,0,1,0,1,0,0,0,0,Skullcandy,24,1
Skullcandy,S6HTW-K033,0,1,1,0,Black,67.61,20.0,20000.0,0,0,0,0,0,0,0,0,0,0,0,0,1,0,0,0,0,0,0,Skullcandy,24,1
Skullcandy,S6HTW-K613,0,1,1,0,Red,68.9,20.0,20000.0,0,0,0,0,0,0,0,0,0,0,0,0,0,1,0,0,0,0,0,Skullcandy,24,1
Skullcandy,S6HTW-K617,0,1,1,0,Blue,55.0,20.0,20000.0,0,0,0,0,0,1,0,0,0,0,0,0,0,0,0,0,0,0,0,Skullcandy,24,1
Skullcandy,S6HTW-K625,0,1,1,0,Gray,70.95,20.0,20000.0,0,1,0,0,0,0,0,0,0,0,0,0,0,0,0,0,0,0,0,Skullcandy,24,1
Skullcandy,S6HTW-L638,0,1,1,0,Green / Black,99.0,20.0,20000.0,0,0,0,0,0,0,0,0,0,1,0,0,1,0,0,0,0,0,0,Skullcandy,24,1
Skullcandy,S6HTW-L678,0,1,1,0,White,79.93,20.0,20000.0,0,0,0,0,0,0,0,0,0,0,0,0,0,0,1,0,0,0,0,Skullcandy,24,1
Skullcandy,S6HTW-M685,0,1,1,0,Red,69.0,20.0,20000.0,0,0,0,0,0,0,0,0,0,0,0,0,0,1,0,0,0,0,0,Skullcandy,24,1
Skullcandy,S6HTW-M687,0,1,1,0,Green,70.59,20.0,20000.0,0,0,0,0,0,0,0,0,0,1,0,0,0,0,0,0,0,0,0,Skullcandy,24,1
Sony,MDR-770LP,1,0,0,0,Black,29.95,12.0,24000.0,0,0,0,0,0,0,0,0,0,0,0,0,1,0,0,0,0,0,0,Sony,25,0
Sony,MDR-X05/RB,1,0,0,0,Black / Red,168.99,4.0,24000.0,0,0,0,0,0,0,0,0,0,0,0,0,1,1,0,0,0,0,0,Sony,25,1
Sony,MDR-XB300,1,0,0,0,Black / Silver,190.77,5.0,22000.0,0,0,0,0,0,0,0,0,0,0,1,0,1,0,0,0,0,0,0,Sony,25,2
Sony,MDR-XD100,0,0,0,0,Black / Silver,69.95,12.0,22000.0,0,0,0,0,0,0,0,0,0,0,1,0,1,0,0,0,0,0,0,Sony,25,1
Sony,MDR-ZX100/WHT,1,0,0,0,White,20.99,12.0,22000.0,0,0,0,0,0,0,0,0,0,0,0,0,0,0,1,0,0,0,0,Sony,25,0
Sony,MDR10RBLK,0,1,0,0,Black / Silver,289.99,5.0,40000.0,0,0,0,0,0,0,0,0,0,0,1,0,1,0,0,0,0,0,0,Sony,25,2
Sony,MDRNC200D,1,0,0,0,Black,179.95,8.0,23000.0,0,0,0,0,0,0,0,0,0,0,0,0,1,0,0,0,0,0,0,Sony,25,2
Sony,MDRX10BLK,1,0,0,0,Black / Silver,284.88,3.0,29000.0,0,0,0,0,0,0,0,0,0,0,1,0,1,0,0,0,0,0,0,Sony,25,2
Sony,MDRXB200/D,1,0,0,0,Black / Orange,34.9,5.0,22000.0,0,0,1,0,0,0,0,0,0,0,0,0,1,0,0,0,0,0,0,Sony,25,0
Sony,MDRXB200/V,1,0,0,0,White / Purple,26.9,5.0,22000.0,0,0,0,1,0,0,0,0,0,0,0,0,0,0,1,0,0,0,0,Sony,25,0
Sony,WH-1000XM3,0,0,1,0,Black,235.18,4.0,40000.0,0,0,0,0,0,0,0,0,0,0,0,0,1,0,0,0,0,0,0,Sony,25,2
Sony,WH1000XM4,0,0,1,0,Silver,298.0,20.0,20000.0,0,0,0,0,0,0,0,0,0,0,1,0,0,0,0,0,0,0,0,Sony,25,2
Sony,WH1000XM4,0,0,1,0,Black,298.0,20.0,20000.0,0,0,0,0,0,0,0,0,0,0,0,0,1,0,0,0,0,0,0,Sony,25,2
Sony,ZX110 (Black),1,1,0,0,Black,24.99,12.0,22000.0,0,0,0,0,0,0,0,0,0,0,0,0,1,0,0,0,0,0,0,Sony,25,0
SoundMAGIC,HP150,0,0,0,0,Black,147.47,10.0,35000.0,0,0,0,0,0,0,0,0,0,0,0,0,1,0,0,0,0,0,0,Other,17,1
Status Audio,CB-1,0,0,0,0,Black / Gold,69.0,15.0,30000.0,0,0,0,0,0,0,0,1,0,0,0,0,1,0,0,0,0,0,0,Other,17,1
SteelSeries,5Hv3,0,1,0,0,Black / Red,124.02,16.0,28000.0,0,0,0,0,0,0,0,0,0,0,0,0,1,1,0,0,0,0,0,SteelSeries,26,1
SteelSeries,ARCTIS 5 (2019 Edition),0,1,0,0,Black,99.99,20.0,22000.0,0,0,0,0,0,0,0,0,0,0,0,0,1,0,0,0,0,0,0,SteelSeries,26,1
SteelSeries,ARCTIS 7 2019 Edition,0,1,1,0,White / Black,283.0,20.0,20000.0,0,0,0,0,0,0,0,0,0,0,0,0,1,0,1,0,0,0,0,SteelSeries,26,2
SteelSeries,ARCTIS 7 2019 Edition,0,1,1,0,Black,149.99,20.0,20000.0,0,0,0,0,0,0,0,0,0,0,0,0,1,0,0,0,0,0,0,SteelSeries,26,1
SteelSeries,Arctis 1,0,1,0,0,Black,50.99,20.0,20000.0,0,0,0,0,0,0,0,0,0,0,0,0,1,0,0,0,0,0,0,SteelSeries,26,1
SteelSeries,Arctis 1,0,1,0,0,Black,49.97,20.0,20000.0,0,0,0,0,0,0,0,0,0,0,0,0,1,0,0,0,0,0,0,SteelSeries,26,1
SteelSeries,Arctis 1 Wireless,0,1,1,0,Black,99.99,20.0,20000.0,0,0,0,0,0,0,0,0,0,0,0,0,1,0,0,0,0,0,0,SteelSeries,26,1
SteelSeries,Arctis 3 Bluetooth (2019 Edition),0,1,0,0,Black,93.98,20.0,22000.0,0,0,0,0,0,0,0,0,0,0,0,0,1,0,0,0,0,0,0,SteelSeries,26,1
SteelSeries,Arctis 7,0,1,1,0,Black,249.98,20.0,20000.0,0,0,0,0,0,0,0,0,0,0,0,0,1,0,0,0,0,0,0,SteelSeries,26,2
SteelSeries,Arctis Pro,0,1,0,0,Black,179.99,10.0,40000.0,0,0,0,0,0,0,0,0,0,0,0,0,1,0,0,0,0,0,0,SteelSeries,26,2
SteelSeries,Arctis Pro + GameDAC,0,1,0,0,Black,249.99,10.0,40000.0,0,0,0,0,0,0,0,0,0,0,0,0,1,0,0,0,0,0,0,SteelSeries,26,2
SteelSeries,Arctis Pro Wireless,0,1,1,0,Black,329.99,10.0,40000.0,0,0,0,0,0,0,0,0,0,0,0,0,1,0,0,0,0,0,0,SteelSeries,26,2
SteelSeries,Elite Prism,0,1,0,0,Black,95.0,16.0,28000.0,0,0,0,0,0,0,0,0,0,0,0,0,1,0,0,0,0,0,0,SteelSeries,26,1
SteelSeries,Siberia 350 (Black/Orange),0,1,0,0,Black / Orange,359.79,20.0,28000.0,0,0,1,0,0,0,0,0,0,0,0,0,1,0,0,0,0,0,0,SteelSeries,26,2
SteelSeries,Siberia 350 (White/Black),0,1,0,0,White / Black,165.99,20.0,28000.0,0,0,0,0,0,0,0,0,0,0,0,0,1,0,1,0,0,0,0,SteelSeries,26,1
SteelSeries,Siberia 650,0,1,0,0,Orange / White,149.99,16.0,28000.0,0,0,1,0,0,0,0,0,0,0,0,0,0,0,1,0,0,0,0,SteelSeries,26,1
SteelSeries,Siberia V2,0,1,0,0,Black / Yellow,199.0,18.0,28000.0,1,0,0,0,0,0,0,0,0,0,0,0,1,0,0,0,0,0,0,SteelSeries,26,2
SteelSeries,Siberia v2,0,1,0,0,White,308.39,18.0,28000.0,0,0,0,0,0,0,0,0,0,0,0,0,0,0,1,0,0,0,0,SteelSeries,26,2
SteelSeries,Siberia v2,0,1,0,0,Black / White,224.95,18.0,28000.0,0,0,0,0,0,0,0,0,0,0,0,0,1,0,1,0,0,0,0,SteelSeries,26,2
SteelSeries,v3,0,1,0,0,Black / Orange,158.81,20.0,20000.0,0,0,1,0,0,0,0,0,0,0,0,0,1,0,0,0,0,0,0,SteelSeries,26,1
Superlux,HD-681EVO,0,0,0,2,Black,43.99,10.0,30000.0,0,0,0,0,0,0,0,0,0,0,0,0,1,0,0,0,0,0,0,Other,17,0
Superlux,HD681,0,0,0,2,Black / Red,34.95,10.0,30000.0,0,0,0,0,0,0,0,0,0,0,0,0,1,1,0,0,0,0,0,Other,17,0
Syba,CL-AUD63032,0,1,0,0,White / Purple,19.95,20.0,20000.0,0,0,0,1,0,0,0,0,0,0,0,0,0,0,1,0,0,0,0,Syba,27,0
Syba,CL-AUD63033,0,1,0,0,White / Silver,10.99,20.0,20000.0,0,0,0,0,0,0,0,0,0,0,1,0,0,0,1,0,0,0,0,Syba,27,0
Syba,CL-AUD63035,0,1,0,0,Blue / White,11.99,20.0,20000.0,0,0,0,0,0,1,0,0,0,0,0,0,0,0,1,0,0,0,0,Syba,27,0
Syba,CL-AUD63089,0,1,0,0,Black / White,19.55,20.0,20000.0,0,0,0,0,0,0,0,0,0,0,0,0,1,0,1,0,0,0,0,Syba,27,0
Syba,CM-5008-U,1,1,0,0,Black / Silver,42.94,20.0,20000.0,0,0,0,0,0,0,0,0,0,0,1,0,1,0,0,0,0,0,0,Syba,27,0
Syba,CM-502,0,1,0,0,Black / Silver,16.3,20.0,20000.0,0,0,0,0,0,0,0,0,0,0,1,0,1,0,0,0,0,0,0,Syba,27,0
Syba,CM-5023,1,1,0,0,Black / Silver,9.99,20.0,20000.0,0,0,0,0,0,0,0,0,0,0,1,0,1,0,0,0,0,0,0,Syba,27,0
Syba,COBRA,0,1,0,0,Black / White,78.24,20.0,20000.0,0,0,0,0,0,0,0,0,0,0,0,0,1,0,1,0,0,0,0,Syba,27,1
Syba,GamesterGear PC200,0,1,0,0,Black / Red,57.75,20.0,20000.0,0,0,0,0,0,0,0,0,0,0,0,0,1,1,0,0,0,0,0,Syba,27,1
Syba,OG-AUD63072,0,1,0,0,Black / Red,40.99,20.0,20000.0,0,0,0,0,0,0,0,0,0,0,0,0,1,1,0,0,0,0,0,Syba,27,0
Syba,Oblanc U.F.O.,0,1,0,0,Black / Silver,65.4,20.0,20000.0,0,0,0,0,0,0,0,0,0,0,1,0,1,0,0,0,0,0,0,Syba,27,1
Syba,SHELL,0,1,0,0,Orange / White,33.99,20.0,20000.0,0,0,1,0,0,0,0,0,0,0,0,0,0,0,1,0,0,0,0,Syba,27,0
Syba,SHELL210,0,1,0,0,Black / Red,40.99,20.0,20000.0,0,0,0,0,0,0,0,0,0,0,0,0,1,1,0,0,0,0,0,Syba,27,0
Syba,U.F.O.,0,1,0,0,Black / Yellow,29.99,20.0,20000.0,1,0,0,0,0,0,0,0,0,0,0,0,1,0,0,0,0,0,0,Syba,27,0
Thermaltake,HT-DRS007OEWH,0,0,0,0,Multicolor,46.18,10.0,22000.0,0,0,0,0,0,0,0,0,0,0,0,0,0,0,0,0,0,0,1,Thermaltake,28,1
Thermaltake,Level 10 M,0,1,0,0,Black / Red,36.01,10.0,22000.0,0,0,0,0,0,0,0,0,0,0,0,0,1,1,0,0,0,0,0,Thermaltake,28,0
Thermaltake,Level 10 M,0,1,0,0,Black / Red,54.99,10.0,22000.0,0,0,0,0,0,0,0,0,0,0,0,0,1,1,0,0,0,0,0,Thermaltake,28,1
Thermaltake,Pulse G100,0,1,0,0,Black,39.99,20.0,20000.0,0,0,0,0,0,0,0,0,0,0,0,0,1,0,0,0,0,0,0,Thermaltake,28,0
Thermaltake,SHOCK,0,1,0,0,Black / Yellow,34.99,20.0,20000.0,1,0,0,0,0,0,0,0,0,0,0,0,1,0,0,0,0,0,0,Thermaltake,28,0
Thermaltake,SHOCK 3D 7.1,0,1,0,0,Black / Red,59.99,20.0,20000.0,0,0,0,0,0,0,0,0,0,0,0,0,1,1,0,0,0,0,0,Thermaltake,28,1
Thermaltake,VERTO,0,1,0,0,Black / Red,79.93,10.0,22000.0,0,0,0,0,0,0,0,0,0,0,0,0,1,1,0,0,0,0,0,Thermaltake,28,1
Turtle Beach,EAR FORCE Recon 50X,0,1,0,0,Black / Green,28.98,20.0,20000.0,0,0,0,0,0,0,0,0,0,1,0,0,1,0,0,0,0,0,0,Turtle Beach,29,0
Turtle Beach,Ear Force DP11,0,1,0,0,Black / Red,69.95,20.0,20000.0,0,0,0,0,0,0,0,0,0,0,0,0,1,1,0,0,0,0,0,Turtle Beach,29,1
Turtle Beach,Elite Atlas Aero,0,1,0,0,Black,99.99,12.0,20000.0,0,0,0,0,0,0,0,0,0,0,0,0,1,0,0,0,0,0,0,Turtle Beach,29,1
Turtle Beach,Heroes of the Storm,0,1,0,0,Black / Blue,61.15,20.0,20000.0,0,0,0,0,0,1,0,0,0,0,0,0,1,0,0,0,0,0,0,Turtle Beach,29,1
Turtle Beach,M3,1,0,0,0,Black,45.69,30.0,20000.0,0,0,0,0,0,0,0,0,0,0,0,0,1,0,0,0,0,0,0,Turtle Beach,29,1
Turtle Beach,P11,0,1,0,0,Black / Red,53.75,20.0,20000.0,0,0,0,0,0,0,0,0,0,0,0,0,1,1,0,0,0,0,0,Turtle Beach,29,1
Turtle Beach,TBS-3303-01,0,0,0,0,Black / Blue,28.98,20.0,20000.0,0,0,0,0,0,1,0,0,0,0,0,0,1,0,0,0,0,0,0,Turtle Beach,29,0
V-MODA,CROSSFADE M-100 BLACK,0,0,0,0,Black,231.33,5.0,30000.0,0,0,0,0,0,0,0,0,0,0,0,0,1,0,0,0,0,0,0,Other,17,2
V-MODA,CROSSFADE M-100 SHADOW,0,0,0,0,Black / Silver,299.93,5.0,30000.0,0,0,0,0,0,0,0,0,0,0,1,0,1,0,0,0,0,0,0,Other,17,2
V-MODA,CROSSFADE M-100 SILVER,0,0,0,0,Silver,249.99,5.0,30000.0,0,0,0,0,0,0,0,0,0,0,1,0,0,0,0,0,0,0,0,Other,17,2
Yamaha,CM500,0,1,0,0,Black,59.99,20.0,20000.0,0,0,0,0,0,0,0,0,0,0,0,0,1,0,0,0,0,0,0,Other,17,1
Yamaha,HPH-200BL,1,0,0,0,Black / Silver,79.98,20.0,20000.0,0,0,0,0,0,0,0,0,0,0,1,0,1,0,0,0,0,0,0,Other,17,1
Yamaha,RH1C,1,0,0,1,Black,19.95,20.0,20000.0,0,0,0,0,0,0,0,0,0,0,0,0,1,0,0,0,0,0,0,Other,17,0
Yamaha,RH5MA,1,0,0,0,Black,157.59,20.0,20000.0,0,0,0,0,0,0,0,0,0,0,0,0,1,0,0,0,0,0,0,Other,17,1
Zalman,ZM-DS4FWhite,0,0,0,0,White / Black,29.99,50.0,20000.0,0,0,0,0,0,0,0,0,0,0,0,0,1,0,1,0,0,0,0,Other,17,0
